reference_date,target,horizon,location,target_end_date,output_type,output_type_id,value
2026-02-21,wk inc covid hosp,-1,Central,2026-02-14,quantile,0.025,0
2026-02-21,wk inc covid hosp,-1,Central,2026-02-14,quantile,0.1,0
2026-02-21,wk inc covid hosp,-1,Central,2026-02-14,quantile,0.25,0
2026-02-21,wk inc covid hosp,-1,Central,2026-02-14,quantile,0.5,60
2026-02-21,wk inc covid hosp,-1,Central,2026-02-14,quantile,0.75,406
2026-02-21,wk inc covid hosp,-1,Central,2026-02-14,quantile,0.9,578
2026-02-21,wk inc covid hosp,-1,Central,2026-02-14,quantile,0.975,650
2026-02-21,wk inc covid hosp,0,Central,2026-02-21,quantile,0.025,0
2026-02-21,wk inc covid hosp,0,Central,2026-02-21,quantile,0.1,0
2026-02-21,wk inc covid hosp,0,Central,2026-02-21,quantile,0.25,0
2026-02-21,wk inc covid hosp,0,Central,2026-02-21,quantile,0.5,0
2026-02-21,wk inc covid hosp,0,Central,2026-02-21,quantile,0.75,370
2026-02-21,wk inc covid hosp,0,Central,2026-02-21,quantile,0.9,555
2026-02-21,wk inc covid hosp,0,Central,2026-02-21,quantile,0.975,632
2026-02-21,wk inc covid hosp,1,Central,2026-02-28,quantile,0.025,0
2026-02-21,wk inc covid hosp,1,Central,2026-02-28,quantile,0.1,0
2026-02-21,wk inc covid hosp,1,Central,2026-02-28,quantile,0.25,0
2026-02-21,wk inc covid hosp,1,Central,2026-02-28,quantile,0.5,0
2026-02-21,wk inc covid hosp,1,Central,2026-02-28,quantile,0.75,315
2026-02-21,wk inc covid hosp,1,Central,2026-02-28,quantile,0.9,491
2026-02-21,wk inc covid hosp,1,Central,2026-02-28,quantile,0.975,566
2026-02-21,wk inc covid hosp,2,Central,2026-03-07,quantile,0.025,0
2026-02-21,wk inc covid hosp,2,Central,2026-03-07,quantile,0.1,0
2026-02-21,wk inc covid hosp,2,Central,2026-03-07,quantile,0.25,0
2026-02-21,wk inc covid hosp,2,Central,2026-03-07,quantile,0.5,0
2026-02-21,wk inc covid hosp,2,Central,2026-03-07,quantile,0.75,241
2026-02-21,wk inc covid hosp,2,Central,2026-03-07,quantile,0.9,423
2026-02-21,wk inc covid hosp,2,Central,2026-03-07,quantile,0.975,499
2026-02-21,wk inc covid hosp,3,Central,2026-03-14,quantile,0.025,0
2026-02-21,wk inc covid hosp,3,Central,2026-03-14,quantile,0.1,0
2026-02-21,wk inc covid hosp,3,Central,2026-03-14,quantile,0.25,0
2026-02-21,wk inc covid hosp,3,Central,2026-03-14,quantile,0.5,0
2026-02-21,wk inc covid hosp,3,Central,2026-03-14,quantile,0.75,222
2026-02-21,wk inc covid hosp,3,Central,2026-03-14,quantile,0.9,403
2026-02-21,wk inc covid hosp,3,Central,2026-03-14,quantile,0.975,479
2026-02-21,wk inc flu hosp,-1,Central,2026-02-14,quantile,0.025,0
2026-02-21,wk inc flu hosp,-1,Central,2026-02-14,quantile,0.1,0
2026-02-21,wk inc flu hosp,-1,Central,2026-02-14,quantile,0.25,4
2026-02-21,wk inc flu hosp,-1,Central,2026-02-14,quantile,0.5,14
2026-02-21,wk inc flu hosp,-1,Central,2026-02-14,quantile,0.75,23
2026-02-21,wk inc flu hosp,-1,Central,2026-02-14,quantile,0.9,27
2026-02-21,wk inc flu hosp,-1,Central,2026-02-14,quantile,0.975,29
2026-02-21,wk inc flu hosp,0,Central,2026-02-21,quantile,0.025,0
2026-02-21,wk inc flu hosp,0,Central,2026-02-21,quantile,0.1,0
2026-02-21,wk inc flu hosp,0,Central,2026-02-21,quantile,0.25,4
2026-02-21,wk inc flu hosp,0,Central,2026-02-21,quantile,0.5,12
2026-02-21,wk inc flu hosp,0,Central,2026-02-21,quantile,0.75,21
2026-02-21,wk inc flu hosp,0,Central,2026-02-21,quantile,0.9,26
2026-02-21,wk inc flu hosp,0,Central,2026-02-21,quantile,0.975,28
2026-02-21,wk inc flu hosp,1,Central,2026-02-28,quantile,0.025,0
2026-02-21,wk inc flu hosp,1,Central,2026-02-28,quantile,0.1,0
2026-02-21,wk inc flu hosp,1,Central,2026-02-28,quantile,0.25,3
2026-02-21,wk inc flu hosp,1,Central,2026-02-28,quantile,0.5,12
2026-02-21,wk inc flu hosp,1,Central,2026-02-28,quantile,0.75,21
2026-02-21,wk inc flu hosp,1,Central,2026-02-28,quantile,0.9,26
2026-02-21,wk inc flu hosp,1,Central,2026-02-28,quantile,0.975,27
2026-02-21,wk inc flu hosp,2,Central,2026-03-07,quantile,0.025,0
2026-02-21,wk inc flu hosp,2,Central,2026-03-07,quantile,0.1,0
2026-02-21,wk inc flu hosp,2,Central,2026-03-07,quantile,0.25,3
2026-02-21,wk inc flu hosp,2,Central,2026-03-07,quantile,0.5,12
2026-02-21,wk inc flu hosp,2,Central,2026-03-07,quantile,0.75,20
2026-02-21,wk inc flu hosp,2,Central,2026-03-07,quantile,0.9,25
2026-02-21,wk inc flu hosp,2,Central,2026-03-07,quantile,0.975,26
2026-02-21,wk inc flu hosp,3,Central,2026-03-14,quantile,0.025,0
2026-02-21,wk inc flu hosp,3,Central,2026-03-14,quantile,0.1,0
2026-02-21,wk inc flu hosp,3,Central,2026-03-14,quantile,0.25,2
2026-02-21,wk inc flu hosp,3,Central,2026-03-14,quantile,0.5,11
2026-02-21,wk inc flu hosp,3,Central,2026-03-14,quantile,0.75,19
2026-02-21,wk inc flu hosp,3,Central,2026-03-14,quantile,0.9,24
2026-02-21,wk inc flu hosp,3,Central,2026-03-14,quantile,0.975,25
2026-02-21,wk inc rsv hosp,-1,Central,2026-02-14,quantile,0.025,0
2026-02-21,wk inc rsv hosp,-1,Central,2026-02-14,quantile,0.1,0
2026-02-21,wk inc rsv hosp,-1,Central,2026-02-14,quantile,0.25,3
2026-02-21,wk inc rsv hosp,-1,Central,2026-02-14,quantile,0.5,31
2026-02-21,wk inc rsv hosp,-1,Central,2026-02-14,quantile,0.75,58
2026-02-21,wk inc rsv hosp,-1,Central,2026-02-14,quantile,0.9,72
2026-02-21,wk inc rsv hosp,-1,Central,2026-02-14,quantile,0.975,78
2026-02-21,wk inc rsv hosp,0,Central,2026-02-21,quantile,0.025,0
2026-02-21,wk inc rsv hosp,0,Central,2026-02-21,quantile,0.1,0
2026-02-21,wk inc rsv hosp,0,Central,2026-02-21,quantile,0.25,0
2026-02-21,wk inc rsv hosp,0,Central,2026-02-21,quantile,0.5,22
2026-02-21,wk inc rsv hosp,0,Central,2026-02-21,quantile,0.75,50
2026-02-21,wk inc rsv hosp,0,Central,2026-02-21,quantile,0.9,63
2026-02-21,wk inc rsv hosp,0,Central,2026-02-21,quantile,0.975,69
2026-02-21,wk inc rsv hosp,1,Central,2026-02-28,quantile,0.025,0
2026-02-21,wk inc rsv hosp,1,Central,2026-02-28,quantile,0.1,0
2026-02-21,wk inc rsv hosp,1,Central,2026-02-28,quantile,0.25,0
2026-02-21,wk inc rsv hosp,1,Central,2026-02-28,quantile,0.5,12
2026-02-21,wk inc rsv hosp,1,Central,2026-02-28,quantile,0.75,40
2026-02-21,wk inc rsv hosp,1,Central,2026-02-28,quantile,0.9,55
2026-02-21,wk inc rsv hosp,1,Central,2026-02-28,quantile,0.975,60
2026-02-21,wk inc rsv hosp,2,Central,2026-03-07,quantile,0.025,0
2026-02-21,wk inc rsv hosp,2,Central,2026-03-07,quantile,0.1,0
2026-02-21,wk inc rsv hosp,2,Central,2026-03-07,quantile,0.25,0
2026-02-21,wk inc rsv hosp,2,Central,2026-03-07,quantile,0.5,1
2026-02-21,wk inc rsv hosp,2,Central,2026-03-07,quantile,0.75,29
2026-02-21,wk inc rsv hosp,2,Central,2026-03-07,quantile,0.9,43
2026-02-21,wk inc rsv hosp,2,Central,2026-03-07,quantile,0.975,49
2026-02-21,wk inc rsv hosp,3,Central,2026-03-14,quantile,0.025,0
2026-02-21,wk inc rsv hosp,3,Central,2026-03-14,quantile,0.1,0
2026-02-21,wk inc rsv hosp,3,Central,2026-03-14,quantile,0.25,0
2026-02-21,wk inc rsv hosp,3,Central,2026-03-14,quantile,0.5,0
2026-02-21,wk inc rsv hosp,3,Central,2026-03-14,quantile,0.75,27
2026-02-21,wk inc rsv hosp,3,Central,2026-03-14,quantile,0.9,42
2026-02-21,wk inc rsv hosp,3,Central,2026-03-14,quantile,0.975,48
2026-02-21,wk inc covid hosp,-1,East,2026-02-14,quantile,0.025,0
2026-02-21,wk inc covid hosp,-1,East,2026-02-14,quantile,0.1,0
2026-02-21,wk inc covid hosp,-1,East,2026-02-14,quantile,0.25,0
2026-02-21,wk inc covid hosp,-1,East,2026-02-14,quantile,0.5,68
2026-02-21,wk inc covid hosp,-1,East,2026-02-14,quantile,0.75,313
2026-02-21,wk inc covid hosp,-1,East,2026-02-14,quantile,0.9,434
2026-02-21,wk inc covid hosp,-1,East,2026-02-14,quantile,0.975,485
2026-02-21,wk inc covid hosp,0,East,2026-02-21,quantile,0.025,0
2026-02-21,wk inc covid hosp,0,East,2026-02-21,quantile,0.1,0
2026-02-21,wk inc covid hosp,0,East,2026-02-21,quantile,0.25,0
2026-02-21,wk inc covid hosp,0,East,2026-02-21,quantile,0.5,15
2026-02-21,wk inc covid hosp,0,East,2026-02-21,quantile,0.75,260
2026-02-21,wk inc covid hosp,0,East,2026-02-21,quantile,0.9,382
2026-02-21,wk inc covid hosp,0,East,2026-02-21,quantile,0.975,433
2026-02-21,wk inc covid hosp,1,East,2026-02-28,quantile,0.025,0
2026-02-21,wk inc covid hosp,1,East,2026-02-28,quantile,0.1,0
2026-02-21,wk inc covid hosp,1,East,2026-02-28,quantile,0.25,0
2026-02-21,wk inc covid hosp,1,East,2026-02-28,quantile,0.5,17
2026-02-21,wk inc covid hosp,1,East,2026-02-28,quantile,0.75,254
2026-02-21,wk inc covid hosp,1,East,2026-02-28,quantile,0.9,372
2026-02-21,wk inc covid hosp,1,East,2026-02-28,quantile,0.975,422
2026-02-21,wk inc covid hosp,2,East,2026-03-07,quantile,0.025,0
2026-02-21,wk inc covid hosp,2,East,2026-03-07,quantile,0.1,0
2026-02-21,wk inc covid hosp,2,East,2026-03-07,quantile,0.25,0
2026-02-21,wk inc covid hosp,2,East,2026-03-07,quantile,0.5,15
2026-02-21,wk inc covid hosp,2,East,2026-03-07,quantile,0.75,282
2026-02-21,wk inc covid hosp,2,East,2026-03-07,quantile,0.9,415
2026-02-21,wk inc covid hosp,2,East,2026-03-07,quantile,0.975,471
2026-02-21,wk inc covid hosp,3,East,2026-03-14,quantile,0.025,0
2026-02-21,wk inc covid hosp,3,East,2026-03-14,quantile,0.1,0
2026-02-21,wk inc covid hosp,3,East,2026-03-14,quantile,0.25,0
2026-02-21,wk inc covid hosp,3,East,2026-03-14,quantile,0.5,0
2026-02-21,wk inc covid hosp,3,East,2026-03-14,quantile,0.75,185
2026-02-21,wk inc covid hosp,3,East,2026-03-14,quantile,0.9,301
2026-02-21,wk inc covid hosp,3,East,2026-03-14,quantile,0.975,350
2026-02-21,wk inc flu hosp,-1,East,2026-02-14,quantile,0.025,0
2026-02-21,wk inc flu hosp,-1,East,2026-02-14,quantile,0.1,1
2026-02-21,wk inc flu hosp,-1,East,2026-02-14,quantile,0.25,6
2026-02-21,wk inc flu hosp,-1,East,2026-02-14,quantile,0.5,15
2026-02-21,wk inc flu hosp,-1,East,2026-02-14,quantile,0.75,23
2026-02-21,wk inc flu hosp,-1,East,2026-02-14,quantile,0.9,28
2026-02-21,wk inc flu hosp,-1,East,2026-02-14,quantile,0.975,30
2026-02-21,wk inc flu hosp,0,East,2026-02-21,quantile,0.025,0
2026-02-21,wk inc flu hosp,0,East,2026-02-21,quantile,0.1,2
2026-02-21,wk inc flu hosp,0,East,2026-02-21,quantile,0.25,6
2026-02-21,wk inc flu hosp,0,East,2026-02-21,quantile,0.5,15
2026-02-21,wk inc flu hosp,0,East,2026-02-21,quantile,0.75,23
2026-02-21,wk inc flu hosp,0,East,2026-02-21,quantile,0.9,27
2026-02-21,wk inc flu hosp,0,East,2026-02-21,quantile,0.975,29
2026-02-21,wk inc flu hosp,1,East,2026-02-28,quantile,0.025,1
2026-02-21,wk inc flu hosp,1,East,2026-02-28,quantile,0.1,3
2026-02-21,wk inc flu hosp,1,East,2026-02-28,quantile,0.25,7
2026-02-21,wk inc flu hosp,1,East,2026-02-28,quantile,0.5,16
2026-02-21,wk inc flu hosp,1,East,2026-02-28,quantile,0.75,24
2026-02-21,wk inc flu hosp,1,East,2026-02-28,quantile,0.9,29
2026-02-21,wk inc flu hosp,1,East,2026-02-28,quantile,0.975,31
2026-02-21,wk inc flu hosp,2,East,2026-03-07,quantile,0.025,0
2026-02-21,wk inc flu hosp,2,East,2026-03-07,quantile,0.1,1
2026-02-21,wk inc flu hosp,2,East,2026-03-07,quantile,0.25,5
2026-02-21,wk inc flu hosp,2,East,2026-03-07,quantile,0.5,14
2026-02-21,wk inc flu hosp,2,East,2026-03-07,quantile,0.75,23
2026-02-21,wk inc flu hosp,2,East,2026-03-07,quantile,0.9,27
2026-02-21,wk inc flu hosp,2,East,2026-03-07,quantile,0.975,29
2026-02-21,wk inc flu hosp,3,East,2026-03-14,quantile,0.025,0
2026-02-21,wk inc flu hosp,3,East,2026-03-14,quantile,0.1,0
2026-02-21,wk inc flu hosp,3,East,2026-03-14,quantile,0.25,4
2026-02-21,wk inc flu hosp,3,East,2026-03-14,quantile,0.5,13
2026-02-21,wk inc flu hosp,3,East,2026-03-14,quantile,0.75,22
2026-02-21,wk inc flu hosp,3,East,2026-03-14,quantile,0.9,26
2026-02-21,wk inc flu hosp,3,East,2026-03-14,quantile,0.975,28
2026-02-21,wk inc rsv hosp,-1,East,2026-02-14,quantile,0.025,0
2026-02-21,wk inc rsv hosp,-1,East,2026-02-14,quantile,0.1,0
2026-02-21,wk inc rsv hosp,-1,East,2026-02-14,quantile,0.25,10
2026-02-21,wk inc rsv hosp,-1,East,2026-02-14,quantile,0.5,46
2026-02-21,wk inc rsv hosp,-1,East,2026-02-14,quantile,0.75,81
2026-02-21,wk inc rsv hosp,-1,East,2026-02-14,quantile,0.9,98
2026-02-21,wk inc rsv hosp,-1,East,2026-02-14,quantile,0.975,106
2026-02-21,wk inc rsv hosp,0,East,2026-02-21,quantile,0.025,0
2026-02-21,wk inc rsv hosp,0,East,2026-02-21,quantile,0.1,0
2026-02-21,wk inc rsv hosp,0,East,2026-02-21,quantile,0.25,0
2026-02-21,wk inc rsv hosp,0,East,2026-02-21,quantile,0.5,37
2026-02-21,wk inc rsv hosp,0,East,2026-02-21,quantile,0.75,74
2026-02-21,wk inc rsv hosp,0,East,2026-02-21,quantile,0.9,92
2026-02-21,wk inc rsv hosp,0,East,2026-02-21,quantile,0.975,100
2026-02-21,wk inc rsv hosp,1,East,2026-02-28,quantile,0.025,0
2026-02-21,wk inc rsv hosp,1,East,2026-02-28,quantile,0.1,0
2026-02-21,wk inc rsv hosp,1,East,2026-02-28,quantile,0.25,0
2026-02-21,wk inc rsv hosp,1,East,2026-02-28,quantile,0.5,30
2026-02-21,wk inc rsv hosp,1,East,2026-02-28,quantile,0.75,66
2026-02-21,wk inc rsv hosp,1,East,2026-02-28,quantile,0.9,84
2026-02-21,wk inc rsv hosp,1,East,2026-02-28,quantile,0.975,91
2026-02-21,wk inc rsv hosp,2,East,2026-03-07,quantile,0.025,0
2026-02-21,wk inc rsv hosp,2,East,2026-03-07,quantile,0.1,0
2026-02-21,wk inc rsv hosp,2,East,2026-03-07,quantile,0.25,0
2026-02-21,wk inc rsv hosp,2,East,2026-03-07,quantile,0.5,22
2026-02-21,wk inc rsv hosp,2,East,2026-03-07,quantile,0.75,58
2026-02-21,wk inc rsv hosp,2,East,2026-03-07,quantile,0.9,76
2026-02-21,wk inc rsv hosp,2,East,2026-03-07,quantile,0.975,83
2026-02-21,wk inc rsv hosp,3,East,2026-03-14,quantile,0.025,0
2026-02-21,wk inc rsv hosp,3,East,2026-03-14,quantile,0.1,0
2026-02-21,wk inc rsv hosp,3,East,2026-03-14,quantile,0.25,0
2026-02-21,wk inc rsv hosp,3,East,2026-03-14,quantile,0.5,13
2026-02-21,wk inc rsv hosp,3,East,2026-03-14,quantile,0.75,49
2026-02-21,wk inc rsv hosp,3,East,2026-03-14,quantile,0.9,66
2026-02-21,wk inc rsv hosp,3,East,2026-03-14,quantile,0.975,74
2026-02-21,wk inc covid hosp,-1,North East,2026-02-14,quantile,0.025,0
2026-02-21,wk inc covid hosp,-1,North East,2026-02-14,quantile,0.1,0
2026-02-21,wk inc covid hosp,-1,North East,2026-02-14,quantile,0.25,0
2026-02-21,wk inc covid hosp,-1,North East,2026-02-14,quantile,0.5,26
2026-02-21,wk inc covid hosp,-1,North East,2026-02-14,quantile,0.75,108
2026-02-21,wk inc covid hosp,-1,North East,2026-02-14,quantile,0.9,149
2026-02-21,wk inc covid hosp,-1,North East,2026-02-14,quantile,0.975,166
2026-02-21,wk inc covid hosp,0,North East,2026-02-21,quantile,0.025,0
2026-02-21,wk inc covid hosp,0,North East,2026-02-21,quantile,0.1,0
2026-02-21,wk inc covid hosp,0,North East,2026-02-21,quantile,0.25,0
2026-02-21,wk inc covid hosp,0,North East,2026-02-21,quantile,0.5,38
2026-02-21,wk inc covid hosp,0,North East,2026-02-21,quantile,0.75,117
2026-02-21,wk inc covid hosp,0,North East,2026-02-21,quantile,0.9,156
2026-02-21,wk inc covid hosp,0,North East,2026-02-21,quantile,0.975,173
2026-02-21,wk inc covid hosp,1,North East,2026-02-28,quantile,0.025,0
2026-02-21,wk inc covid hosp,1,North East,2026-02-28,quantile,0.1,0
2026-02-21,wk inc covid hosp,1,North East,2026-02-28,quantile,0.25,0
2026-02-21,wk inc covid hosp,1,North East,2026-02-28,quantile,0.5,19
2026-02-21,wk inc covid hosp,1,North East,2026-02-28,quantile,0.75,98
2026-02-21,wk inc covid hosp,1,North East,2026-02-28,quantile,0.9,137
2026-02-21,wk inc covid hosp,1,North East,2026-02-28,quantile,0.975,153
2026-02-21,wk inc covid hosp,2,North East,2026-03-07,quantile,0.025,0
2026-02-21,wk inc covid hosp,2,North East,2026-03-07,quantile,0.1,0
2026-02-21,wk inc covid hosp,2,North East,2026-03-07,quantile,0.25,0
2026-02-21,wk inc covid hosp,2,North East,2026-03-07,quantile,0.5,11
2026-02-21,wk inc covid hosp,2,North East,2026-03-07,quantile,0.75,90
2026-02-21,wk inc covid hosp,2,North East,2026-03-07,quantile,0.9,129
2026-02-21,wk inc covid hosp,2,North East,2026-03-07,quantile,0.975,146
2026-02-21,wk inc covid hosp,3,North East,2026-03-14,quantile,0.025,0
2026-02-21,wk inc covid hosp,3,North East,2026-03-14,quantile,0.1,0
2026-02-21,wk inc covid hosp,3,North East,2026-03-14,quantile,0.25,0
2026-02-21,wk inc covid hosp,3,North East,2026-03-14,quantile,0.5,0
2026-02-21,wk inc covid hosp,3,North East,2026-03-14,quantile,0.75,76
2026-02-21,wk inc covid hosp,3,North East,2026-03-14,quantile,0.9,114
2026-02-21,wk inc covid hosp,3,North East,2026-03-14,quantile,0.975,130
2026-02-21,wk inc flu hosp,-1,North East,2026-02-14,quantile,0.025,0
2026-02-21,wk inc flu hosp,-1,North East,2026-02-14,quantile,0.1,0
2026-02-21,wk inc flu hosp,-1,North East,2026-02-14,quantile,0.25,0
2026-02-21,wk inc flu hosp,-1,North East,2026-02-14,quantile,0.5,3
2026-02-21,wk inc flu hosp,-1,North East,2026-02-14,quantile,0.75,5
2026-02-21,wk inc flu hosp,-1,North East,2026-02-14,quantile,0.9,6
2026-02-21,wk inc flu hosp,-1,North East,2026-02-14,quantile,0.975,7
2026-02-21,wk inc flu hosp,0,North East,2026-02-21,quantile,0.025,0
2026-02-21,wk inc flu hosp,0,North East,2026-02-21,quantile,0.1,0
2026-02-21,wk inc flu hosp,0,North East,2026-02-21,quantile,0.25,0
2026-02-21,wk inc flu hosp,0,North East,2026-02-21,quantile,0.5,2
2026-02-21,wk inc flu hosp,0,North East,2026-02-21,quantile,0.75,5
2026-02-21,wk inc flu hosp,0,North East,2026-02-21,quantile,0.9,6
2026-02-21,wk inc flu hosp,0,North East,2026-02-21,quantile,0.975,7
2026-02-21,wk inc flu hosp,1,North East,2026-02-28,quantile,0.025,0
2026-02-21,wk inc flu hosp,1,North East,2026-02-28,quantile,0.1,0
2026-02-21,wk inc flu hosp,1,North East,2026-02-28,quantile,0.25,0
2026-02-21,wk inc flu hosp,1,North East,2026-02-28,quantile,0.5,3
2026-02-21,wk inc flu hosp,1,North East,2026-02-28,quantile,0.75,5
2026-02-21,wk inc flu hosp,1,North East,2026-02-28,quantile,0.9,6
2026-02-21,wk inc flu hosp,1,North East,2026-02-28,quantile,0.975,7
2026-02-21,wk inc flu hosp,2,North East,2026-03-07,quantile,0.025,0
2026-02-21,wk inc flu hosp,2,North East,2026-03-07,quantile,0.1,0
2026-02-21,wk inc flu hosp,2,North East,2026-03-07,quantile,0.25,0
2026-02-21,wk inc flu hosp,2,North East,2026-03-07,quantile,0.5,3
2026-02-21,wk inc flu hosp,2,North East,2026-03-07,quantile,0.75,5
2026-02-21,wk inc flu hosp,2,North East,2026-03-07,quantile,0.9,6
2026-02-21,wk inc flu hosp,2,North East,2026-03-07,quantile,0.975,7
2026-02-21,wk inc flu hosp,3,North East,2026-03-14,quantile,0.025,0
2026-02-21,wk inc flu hosp,3,North East,2026-03-14,quantile,0.1,0
2026-02-21,wk inc flu hosp,3,North East,2026-03-14,quantile,0.25,0
2026-02-21,wk inc flu hosp,3,North East,2026-03-14,quantile,0.5,3
2026-02-21,wk inc flu hosp,3,North East,2026-03-14,quantile,0.75,5
2026-02-21,wk inc flu hosp,3,North East,2026-03-14,quantile,0.9,7
2026-02-21,wk inc flu hosp,3,North East,2026-03-14,quantile,0.975,7
2026-02-21,wk inc rsv hosp,-1,North East,2026-02-14,quantile,0.025,0
2026-02-21,wk inc rsv hosp,-1,North East,2026-02-14,quantile,0.1,0
2026-02-21,wk inc rsv hosp,-1,North East,2026-02-14,quantile,0.25,0
2026-02-21,wk inc rsv hosp,-1,North East,2026-02-14,quantile,0.5,3
2026-02-21,wk inc rsv hosp,-1,North East,2026-02-14,quantile,0.75,7
2026-02-21,wk inc rsv hosp,-1,North East,2026-02-14,quantile,0.9,9
2026-02-21,wk inc rsv hosp,-1,North East,2026-02-14,quantile,0.975,9
2026-02-21,wk inc rsv hosp,0,North East,2026-02-21,quantile,0.025,0
2026-02-21,wk inc rsv hosp,0,North East,2026-02-21,quantile,0.1,0
2026-02-21,wk inc rsv hosp,0,North East,2026-02-21,quantile,0.25,0
2026-02-21,wk inc rsv hosp,0,North East,2026-02-21,quantile,0.5,4
2026-02-21,wk inc rsv hosp,0,North East,2026-02-21,quantile,0.75,7
2026-02-21,wk inc rsv hosp,0,North East,2026-02-21,quantile,0.9,9
2026-02-21,wk inc rsv hosp,0,North East,2026-02-21,quantile,0.975,10
2026-02-21,wk inc rsv hosp,1,North East,2026-02-28,quantile,0.025,0
2026-02-21,wk inc rsv hosp,1,North East,2026-02-28,quantile,0.1,0
2026-02-21,wk inc rsv hosp,1,North East,2026-02-28,quantile,0.25,0
2026-02-21,wk inc rsv hosp,1,North East,2026-02-28,quantile,0.5,3
2026-02-21,wk inc rsv hosp,1,North East,2026-02-28,quantile,0.75,7
2026-02-21,wk inc rsv hosp,1,North East,2026-02-28,quantile,0.9,9
2026-02-21,wk inc rsv hosp,1,North East,2026-02-28,quantile,0.975,9
2026-02-21,wk inc rsv hosp,2,North East,2026-03-07,quantile,0.025,0
2026-02-21,wk inc rsv hosp,2,North East,2026-03-07,quantile,0.1,0
2026-02-21,wk inc rsv hosp,2,North East,2026-03-07,quantile,0.25,0
2026-02-21,wk inc rsv hosp,2,North East,2026-03-07,quantile,0.5,1
2026-02-21,wk inc rsv hosp,2,North East,2026-03-07,quantile,0.75,4
2026-02-21,wk inc rsv hosp,2,North East,2026-03-07,quantile,0.9,6
2026-02-21,wk inc rsv hosp,2,North East,2026-03-07,quantile,0.975,7
2026-02-21,wk inc rsv hosp,3,North East,2026-03-14,quantile,0.025,0
2026-02-21,wk inc rsv hosp,3,North East,2026-03-14,quantile,0.1,0
2026-02-21,wk inc rsv hosp,3,North East,2026-03-14,quantile,0.25,0
2026-02-21,wk inc rsv hosp,3,North East,2026-03-14,quantile,0.5,0
2026-02-21,wk inc rsv hosp,3,North East,2026-03-14,quantile,0.75,3
2026-02-21,wk inc rsv hosp,3,North East,2026-03-14,quantile,0.9,5
2026-02-21,wk inc rsv hosp,3,North East,2026-03-14,quantile,0.975,5
2026-02-21,wk inc covid hosp,-1,North West,2026-02-14,quantile,0.025,0
2026-02-21,wk inc covid hosp,-1,North West,2026-02-14,quantile,0.1,0
2026-02-21,wk inc covid hosp,-1,North West,2026-02-14,quantile,0.25,0
2026-02-21,wk inc covid hosp,-1,North West,2026-02-14,quantile,0.5,2
2026-02-21,wk inc covid hosp,-1,North West,2026-02-14,quantile,0.75,78
2026-02-21,wk inc covid hosp,-1,North West,2026-02-14,quantile,0.9,115
2026-02-21,wk inc covid hosp,-1,North West,2026-02-14,quantile,0.975,131
2026-02-21,wk inc covid hosp,0,North West,2026-02-21,quantile,0.025,0
2026-02-21,wk inc covid hosp,0,North West,2026-02-21,quantile,0.1,0
2026-02-21,wk inc covid hosp,0,North West,2026-02-21,quantile,0.25,0
2026-02-21,wk inc covid hosp,0,North West,2026-02-21,quantile,0.5,5
2026-02-21,wk inc covid hosp,0,North West,2026-02-21,quantile,0.75,85
2026-02-21,wk inc covid hosp,0,North West,2026-02-21,quantile,0.9,124
2026-02-21,wk inc covid hosp,0,North West,2026-02-21,quantile,0.975,141
2026-02-21,wk inc covid hosp,1,North West,2026-02-28,quantile,0.025,0
2026-02-21,wk inc covid hosp,1,North West,2026-02-28,quantile,0.1,0
2026-02-21,wk inc covid hosp,1,North West,2026-02-28,quantile,0.25,0
2026-02-21,wk inc covid hosp,1,North West,2026-02-28,quantile,0.5,9
2026-02-21,wk inc covid hosp,1,North West,2026-02-28,quantile,0.75,90
2026-02-21,wk inc covid hosp,1,North West,2026-02-28,quantile,0.9,131
2026-02-21,wk inc covid hosp,1,North West,2026-02-28,quantile,0.975,148
2026-02-21,wk inc covid hosp,2,North West,2026-03-07,quantile,0.025,0
2026-02-21,wk inc covid hosp,2,North West,2026-03-07,quantile,0.1,0
2026-02-21,wk inc covid hosp,2,North West,2026-03-07,quantile,0.25,0
2026-02-21,wk inc covid hosp,2,North West,2026-03-07,quantile,0.5,16
2026-02-21,wk inc covid hosp,2,North West,2026-03-07,quantile,0.75,94
2026-02-21,wk inc covid hosp,2,North West,2026-03-07,quantile,0.9,133
2026-02-21,wk inc covid hosp,2,North West,2026-03-07,quantile,0.975,149
2026-02-21,wk inc covid hosp,3,North West,2026-03-14,quantile,0.025,0
2026-02-21,wk inc covid hosp,3,North West,2026-03-14,quantile,0.1,0
2026-02-21,wk inc covid hosp,3,North West,2026-03-14,quantile,0.25,0
2026-02-21,wk inc covid hosp,3,North West,2026-03-14,quantile,0.5,16
2026-02-21,wk inc covid hosp,3,North West,2026-03-14,quantile,0.75,99
2026-02-21,wk inc covid hosp,3,North West,2026-03-14,quantile,0.9,140
2026-02-21,wk inc covid hosp,3,North West,2026-03-14,quantile,0.975,157
2026-02-21,wk inc flu hosp,-1,North West,2026-02-14,quantile,0.025,0
2026-02-21,wk inc flu hosp,-1,North West,2026-02-14,quantile,0.1,0
2026-02-21,wk inc flu hosp,-1,North West,2026-02-14,quantile,0.25,0
2026-02-21,wk inc flu hosp,-1,North West,2026-02-14,quantile,0.5,2
2026-02-21,wk inc flu hosp,-1,North West,2026-02-14,quantile,0.75,3
2026-02-21,wk inc flu hosp,-1,North West,2026-02-14,quantile,0.9,4
2026-02-21,wk inc flu hosp,-1,North West,2026-02-14,quantile,0.975,5
2026-02-21,wk inc flu hosp,0,North West,2026-02-21,quantile,0.025,0
2026-02-21,wk inc flu hosp,0,North West,2026-02-21,quantile,0.1,0
2026-02-21,wk inc flu hosp,0,North West,2026-02-21,quantile,0.25,0
2026-02-21,wk inc flu hosp,0,North West,2026-02-21,quantile,0.5,2
2026-02-21,wk inc flu hosp,0,North West,2026-02-21,quantile,0.75,4
2026-02-21,wk inc flu hosp,0,North West,2026-02-21,quantile,0.9,5
2026-02-21,wk inc flu hosp,0,North West,2026-02-21,quantile,0.975,5
2026-02-21,wk inc flu hosp,1,North West,2026-02-28,quantile,0.025,0
2026-02-21,wk inc flu hosp,1,North West,2026-02-28,quantile,0.1,0
2026-02-21,wk inc flu hosp,1,North West,2026-02-28,quantile,0.25,0
2026-02-21,wk inc flu hosp,1,North West,2026-02-28,quantile,0.5,2
2026-02-21,wk inc flu hosp,1,North West,2026-02-28,quantile,0.75,4
2026-02-21,wk inc flu hosp,1,North West,2026-02-28,quantile,0.9,5
2026-02-21,wk inc flu hosp,1,North West,2026-02-28,quantile,0.975,5
2026-02-21,wk inc flu hosp,2,North West,2026-03-07,quantile,0.025,0
2026-02-21,wk inc flu hosp,2,North West,2026-03-07,quantile,0.1,0
2026-02-21,wk inc flu hosp,2,North West,2026-03-07,quantile,0.25,1
2026-02-21,wk inc flu hosp,2,North West,2026-03-07,quantile,0.5,2
2026-02-21,wk inc flu hosp,2,North West,2026-03-07,quantile,0.75,4
2026-02-21,wk inc flu hosp,2,North West,2026-03-07,quantile,0.9,5
2026-02-21,wk inc flu hosp,2,North West,2026-03-07,quantile,0.975,5
2026-02-21,wk inc flu hosp,3,North West,2026-03-14,quantile,0.025,0
2026-02-21,wk inc flu hosp,3,North West,2026-03-14,quantile,0.1,0
2026-02-21,wk inc flu hosp,3,North West,2026-03-14,quantile,0.25,0
2026-02-21,wk inc flu hosp,3,North West,2026-03-14,quantile,0.5,2
2026-02-21,wk inc flu hosp,3,North West,2026-03-14,quantile,0.75,3
2026-02-21,wk inc flu hosp,3,North West,2026-03-14,quantile,0.9,4
2026-02-21,wk inc flu hosp,3,North West,2026-03-14,quantile,0.975,5
2026-02-21,wk inc rsv hosp,-1,North West,2026-02-14,quantile,0.025,0
2026-02-21,wk inc rsv hosp,-1,North West,2026-02-14,quantile,0.1,0
2026-02-21,wk inc rsv hosp,-1,North West,2026-02-14,quantile,0.25,0
2026-02-21,wk inc rsv hosp,-1,North West,2026-02-14,quantile,0.5,4
2026-02-21,wk inc rsv hosp,-1,North West,2026-02-14,quantile,0.75,9
2026-02-21,wk inc rsv hosp,-1,North West,2026-02-14,quantile,0.9,12
2026-02-21,wk inc rsv hosp,-1,North West,2026-02-14,quantile,0.975,13
2026-02-21,wk inc rsv hosp,0,North West,2026-02-21,quantile,0.025,0
2026-02-21,wk inc rsv hosp,0,North West,2026-02-21,quantile,0.1,0
2026-02-21,wk inc rsv hosp,0,North West,2026-02-21,quantile,0.25,0
2026-02-21,wk inc rsv hosp,0,North West,2026-02-21,quantile,0.5,2
2026-02-21,wk inc rsv hosp,0,North West,2026-02-21,quantile,0.75,8
2026-02-21,wk inc rsv hosp,0,North West,2026-02-21,quantile,0.9,11
2026-02-21,wk inc rsv hosp,0,North West,2026-02-21,quantile,0.975,12
2026-02-21,wk inc rsv hosp,1,North West,2026-02-28,quantile,0.025,0
2026-02-21,wk inc rsv hosp,1,North West,2026-02-28,quantile,0.1,0
2026-02-21,wk inc rsv hosp,1,North West,2026-02-28,quantile,0.25,0
2026-02-21,wk inc rsv hosp,1,North West,2026-02-28,quantile,0.5,1
2026-02-21,wk inc rsv hosp,1,North West,2026-02-28,quantile,0.75,7
2026-02-21,wk inc rsv hosp,1,North West,2026-02-28,quantile,0.9,10
2026-02-21,wk inc rsv hosp,1,North West,2026-02-28,quantile,0.975,11
2026-02-21,wk inc rsv hosp,2,North West,2026-03-07,quantile,0.025,0
2026-02-21,wk inc rsv hosp,2,North West,2026-03-07,quantile,0.1,0
2026-02-21,wk inc rsv hosp,2,North West,2026-03-07,quantile,0.25,0
2026-02-21,wk inc rsv hosp,2,North West,2026-03-07,quantile,0.5,2
2026-02-21,wk inc rsv hosp,2,North West,2026-03-07,quantile,0.75,8
2026-02-21,wk inc rsv hosp,2,North West,2026-03-07,quantile,0.9,10
2026-02-21,wk inc rsv hosp,2,North West,2026-03-07,quantile,0.975,12
2026-02-21,wk inc rsv hosp,3,North West,2026-03-14,quantile,0.025,0
2026-02-21,wk inc rsv hosp,3,North West,2026-03-14,quantile,0.1,0
2026-02-21,wk inc rsv hosp,3,North West,2026-03-14,quantile,0.25,0
2026-02-21,wk inc rsv hosp,3,North West,2026-03-14,quantile,0.5,2
2026-02-21,wk inc rsv hosp,3,North West,2026-03-14,quantile,0.75,8
2026-02-21,wk inc rsv hosp,3,North West,2026-03-14,quantile,0.9,11
2026-02-21,wk inc rsv hosp,3,North West,2026-03-14,quantile,0.975,12
2026-02-21,wk inc covid hosp,-1,Ontario,2026-02-14,quantile,0.025,0
2026-02-21,wk inc covid hosp,-1,Ontario,2026-02-14,quantile,0.1,0
2026-02-21,wk inc covid hosp,-1,Ontario,2026-02-14,quantile,0.25,0
2026-02-21,wk inc covid hosp,-1,Ontario,2026-02-14,quantile,0.5,333
2026-02-21,wk inc covid hosp,-1,Ontario,2026-02-14,quantile,0.75,1875
2026-02-21,wk inc covid hosp,-1,Ontario,2026-02-14,quantile,0.9,2644
2026-02-21,wk inc covid hosp,-1,Ontario,2026-02-14,quantile,0.975,2967
2026-02-21,wk inc covid hosp,0,Ontario,2026-02-21,quantile,0.025,0
2026-02-21,wk inc covid hosp,0,Ontario,2026-02-21,quantile,0.1,0
2026-02-21,wk inc covid hosp,0,Ontario,2026-02-21,quantile,0.25,0
2026-02-21,wk inc covid hosp,0,Ontario,2026-02-21,quantile,0.5,128
2026-02-21,wk inc covid hosp,0,Ontario,2026-02-21,quantile,0.75,1626
2026-02-21,wk inc covid hosp,0,Ontario,2026-02-21,quantile,0.9,2374
2026-02-21,wk inc covid hosp,0,Ontario,2026-02-21,quantile,0.975,2688
2026-02-21,wk inc covid hosp,1,Ontario,2026-02-28,quantile,0.025,0
2026-02-21,wk inc covid hosp,1,Ontario,2026-02-28,quantile,0.1,0
2026-02-21,wk inc covid hosp,1,Ontario,2026-02-28,quantile,0.25,0
2026-02-21,wk inc covid hosp,1,Ontario,2026-02-28,quantile,0.5,0
2026-02-21,wk inc covid hosp,1,Ontario,2026-02-28,quantile,0.75,1333
2026-02-21,wk inc covid hosp,1,Ontario,2026-02-28,quantile,0.9,2068
2026-02-21,wk inc covid hosp,1,Ontario,2026-02-28,quantile,0.975,2378
2026-02-21,wk inc covid hosp,2,Ontario,2026-03-07,quantile,0.025,0
2026-02-21,wk inc covid hosp,2,Ontario,2026-03-07,quantile,0.1,0
2026-02-21,wk inc covid hosp,2,Ontario,2026-03-07,quantile,0.25,0
2026-02-21,wk inc covid hosp,2,Ontario,2026-03-07,quantile,0.5,0
2026-02-21,wk inc covid hosp,2,Ontario,2026-03-07,quantile,0.75,1311
2026-02-21,wk inc covid hosp,2,Ontario,2026-03-07,quantile,0.9,2093
2026-02-21,wk inc covid hosp,2,Ontario,2026-03-07,quantile,0.975,2422
2026-02-21,wk inc covid hosp,3,Ontario,2026-03-14,quantile,0.025,0
2026-02-21,wk inc covid hosp,3,Ontario,2026-03-14,quantile,0.1,0
2026-02-21,wk inc covid hosp,3,Ontario,2026-03-14,quantile,0.25,0
2026-02-21,wk inc covid hosp,3,Ontario,2026-03-14,quantile,0.5,0
2026-02-21,wk inc covid hosp,3,Ontario,2026-03-14,quantile,0.75,1216
2026-02-21,wk inc covid hosp,3,Ontario,2026-03-14,quantile,0.9,1992
2026-02-21,wk inc covid hosp,3,Ontario,2026-03-14,quantile,0.975,2318
2026-02-21,wk inc flu hosp,-1,Ontario,2026-02-14,quantile,0.025,0
2026-02-21,wk inc flu hosp,-1,Ontario,2026-02-14,quantile,0.1,0
2026-02-21,wk inc flu hosp,-1,Ontario,2026-02-14,quantile,0.25,21
2026-02-21,wk inc flu hosp,-1,Ontario,2026-02-14,quantile,0.5,71
2026-02-21,wk inc flu hosp,-1,Ontario,2026-02-14,quantile,0.75,120
2026-02-21,wk inc flu hosp,-1,Ontario,2026-02-14,quantile,0.9,145
2026-02-21,wk inc flu hosp,-1,Ontario,2026-02-14,quantile,0.975,155
2026-02-21,wk inc flu hosp,0,Ontario,2026-02-21,quantile,0.025,0
2026-02-21,wk inc flu hosp,0,Ontario,2026-02-21,quantile,0.1,2
2026-02-21,wk inc flu hosp,0,Ontario,2026-02-21,quantile,0.25,28
2026-02-21,wk inc flu hosp,0,Ontario,2026-02-21,quantile,0.5,80
2026-02-21,wk inc flu hosp,0,Ontario,2026-02-21,quantile,0.75,131
2026-02-21,wk inc flu hosp,0,Ontario,2026-02-21,quantile,0.9,157
2026-02-21,wk inc flu hosp,0,Ontario,2026-02-21,quantile,0.975,168
2026-02-21,wk inc flu hosp,1,Ontario,2026-02-28,quantile,0.025,0
2026-02-21,wk inc flu hosp,1,Ontario,2026-02-28,quantile,0.1,5
2026-02-21,wk inc flu hosp,1,Ontario,2026-02-28,quantile,0.25,30
2026-02-21,wk inc flu hosp,1,Ontario,2026-02-28,quantile,0.5,79
2026-02-21,wk inc flu hosp,1,Ontario,2026-02-28,quantile,0.75,129
2026-02-21,wk inc flu hosp,1,Ontario,2026-02-28,quantile,0.9,153
2026-02-21,wk inc flu hosp,1,Ontario,2026-02-28,quantile,0.975,164
2026-02-21,wk inc flu hosp,2,Ontario,2026-03-07,quantile,0.025,0
2026-02-21,wk inc flu hosp,2,Ontario,2026-03-07,quantile,0.1,0
2026-02-21,wk inc flu hosp,2,Ontario,2026-03-07,quantile,0.25,23
2026-02-21,wk inc flu hosp,2,Ontario,2026-03-07,quantile,0.5,74
2026-02-21,wk inc flu hosp,2,Ontario,2026-03-07,quantile,0.75,125
2026-02-21,wk inc flu hosp,2,Ontario,2026-03-07,quantile,0.9,150
2026-02-21,wk inc flu hosp,2,Ontario,2026-03-07,quantile,0.975,161
2026-02-21,wk inc flu hosp,3,Ontario,2026-03-14,quantile,0.025,0
2026-02-21,wk inc flu hosp,3,Ontario,2026-03-14,quantile,0.1,0
2026-02-21,wk inc flu hosp,3,Ontario,2026-03-14,quantile,0.25,18
2026-02-21,wk inc flu hosp,3,Ontario,2026-03-14,quantile,0.5,72
2026-02-21,wk inc flu hosp,3,Ontario,2026-03-14,quantile,0.75,125
2026-02-21,wk inc flu hosp,3,Ontario,2026-03-14,quantile,0.9,152
2026-02-21,wk inc flu hosp,3,Ontario,2026-03-14,quantile,0.975,163
2026-02-21,wk inc rsv hosp,-1,Ontario,2026-02-14,quantile,0.025,0
2026-02-21,wk inc rsv hosp,-1,Ontario,2026-02-14,quantile,0.1,0
2026-02-21,wk inc rsv hosp,-1,Ontario,2026-02-14,quantile,0.25,54
2026-02-21,wk inc rsv hosp,-1,Ontario,2026-02-14,quantile,0.5,195
2026-02-21,wk inc rsv hosp,-1,Ontario,2026-02-14,quantile,0.75,337
2026-02-21,wk inc rsv hosp,-1,Ontario,2026-02-14,quantile,0.9,408
2026-02-21,wk inc rsv hosp,-1,Ontario,2026-02-14,quantile,0.975,437
2026-02-21,wk inc rsv hosp,0,Ontario,2026-02-21,quantile,0.025,0
2026-02-21,wk inc rsv hosp,0,Ontario,2026-02-21,quantile,0.1,0
2026-02-21,wk inc rsv hosp,0,Ontario,2026-02-21,quantile,0.25,14
2026-02-21,wk inc rsv hosp,0,Ontario,2026-02-21,quantile,0.5,157
2026-02-21,wk inc rsv hosp,0,Ontario,2026-02-21,quantile,0.75,301
2026-02-21,wk inc rsv hosp,0,Ontario,2026-02-21,quantile,0.9,372
2026-02-21,wk inc rsv hosp,0,Ontario,2026-02-21,quantile,0.975,402
2026-02-21,wk inc rsv hosp,1,Ontario,2026-02-28,quantile,0.025,0
2026-02-21,wk inc rsv hosp,1,Ontario,2026-02-28,quantile,0.1,0
2026-02-21,wk inc rsv hosp,1,Ontario,2026-02-28,quantile,0.25,0
2026-02-21,wk inc rsv hosp,1,Ontario,2026-02-28,quantile,0.5,137
2026-02-21,wk inc rsv hosp,1,Ontario,2026-02-28,quantile,0.75,289
2026-02-21,wk inc rsv hosp,1,Ontario,2026-02-28,quantile,0.9,364
2026-02-21,wk inc rsv hosp,1,Ontario,2026-02-28,quantile,0.975,396
2026-02-21,wk inc rsv hosp,2,Ontario,2026-03-07,quantile,0.025,0
2026-02-21,wk inc rsv hosp,2,Ontario,2026-03-07,quantile,0.1,0
2026-02-21,wk inc rsv hosp,2,Ontario,2026-03-07,quantile,0.25,0
2026-02-21,wk inc rsv hosp,2,Ontario,2026-03-07,quantile,0.5,72
2026-02-21,wk inc rsv hosp,2,Ontario,2026-03-07,quantile,0.75,221
2026-02-21,wk inc rsv hosp,2,Ontario,2026-03-07,quantile,0.9,296
2026-02-21,wk inc rsv hosp,2,Ontario,2026-03-07,quantile,0.975,327
2026-02-21,wk inc rsv hosp,3,Ontario,2026-03-14,quantile,0.025,0
2026-02-21,wk inc rsv hosp,3,Ontario,2026-03-14,quantile,0.1,0
2026-02-21,wk inc rsv hosp,3,Ontario,2026-03-14,quantile,0.25,0
2026-02-21,wk inc rsv hosp,3,Ontario,2026-03-14,quantile,0.5,67
2026-02-21,wk inc rsv hosp,3,Ontario,2026-03-14,quantile,0.75,213
2026-02-21,wk inc rsv hosp,3,Ontario,2026-03-14,quantile,0.9,287
2026-02-21,wk inc rsv hosp,3,Ontario,2026-03-14,quantile,0.975,317
2026-02-21,wk inc covid hosp,-1,Toronto,2026-02-14,quantile,0.025,0
2026-02-21,wk inc covid hosp,-1,Toronto,2026-02-14,quantile,0.1,0
2026-02-21,wk inc covid hosp,-1,Toronto,2026-02-14,quantile,0.25,0
2026-02-21,wk inc covid hosp,-1,Toronto,2026-02-14,quantile,0.5,67
2026-02-21,wk inc covid hosp,-1,Toronto,2026-02-14,quantile,0.75,1701
2026-02-21,wk inc covid hosp,-1,Toronto,2026-02-14,quantile,0.9,2516
2026-02-21,wk inc covid hosp,-1,Toronto,2026-02-14,quantile,0.975,2858
2026-02-21,wk inc covid hosp,0,Toronto,2026-02-21,quantile,0.025,0
2026-02-21,wk inc covid hosp,0,Toronto,2026-02-21,quantile,0.1,0
2026-02-21,wk inc covid hosp,0,Toronto,2026-02-21,quantile,0.25,0
2026-02-21,wk inc covid hosp,0,Toronto,2026-02-21,quantile,0.5,0
2026-02-21,wk inc covid hosp,0,Toronto,2026-02-21,quantile,0.75,1324
2026-02-21,wk inc covid hosp,0,Toronto,2026-02-21,quantile,0.9,2145
2026-02-21,wk inc covid hosp,0,Toronto,2026-02-21,quantile,0.975,2490
2026-02-21,wk inc covid hosp,1,Toronto,2026-02-28,quantile,0.025,0
2026-02-21,wk inc covid hosp,1,Toronto,2026-02-28,quantile,0.1,0
2026-02-21,wk inc covid hosp,1,Toronto,2026-02-28,quantile,0.25,0
2026-02-21,wk inc covid hosp,1,Toronto,2026-02-28,quantile,0.5,0
2026-02-21,wk inc covid hosp,1,Toronto,2026-02-28,quantile,0.75,1480
2026-02-21,wk inc covid hosp,1,Toronto,2026-02-28,quantile,0.9,2299
2026-02-21,wk inc covid hosp,1,Toronto,2026-02-28,quantile,0.975,2644
2026-02-21,wk inc covid hosp,2,Toronto,2026-03-07,quantile,0.025,0
2026-02-21,wk inc covid hosp,2,Toronto,2026-03-07,quantile,0.1,0
2026-02-21,wk inc covid hosp,2,Toronto,2026-03-07,quantile,0.25,0
2026-02-21,wk inc covid hosp,2,Toronto,2026-03-07,quantile,0.5,0
2026-02-21,wk inc covid hosp,2,Toronto,2026-03-07,quantile,0.75,1260
2026-02-21,wk inc covid hosp,2,Toronto,2026-03-07,quantile,0.9,2089
2026-02-21,wk inc covid hosp,2,Toronto,2026-03-07,quantile,0.975,2438
2026-02-21,wk inc covid hosp,3,Toronto,2026-03-14,quantile,0.025,0
2026-02-21,wk inc covid hosp,3,Toronto,2026-03-14,quantile,0.1,0
2026-02-21,wk inc covid hosp,3,Toronto,2026-03-14,quantile,0.25,0
2026-02-21,wk inc covid hosp,3,Toronto,2026-03-14,quantile,0.5,0
2026-02-21,wk inc covid hosp,3,Toronto,2026-03-14,quantile,0.75,1277
2026-02-21,wk inc covid hosp,3,Toronto,2026-03-14,quantile,0.9,2120
2026-02-21,wk inc covid hosp,3,Toronto,2026-03-14,quantile,0.975,2474
2026-02-21,wk inc flu hosp,-1,Toronto,2026-02-14,quantile,0.025,0
2026-02-21,wk inc flu hosp,-1,Toronto,2026-02-14,quantile,0.1,0
2026-02-21,wk inc flu hosp,-1,Toronto,2026-02-14,quantile,0.25,7
2026-02-21,wk inc flu hosp,-1,Toronto,2026-02-14,quantile,0.5,27
2026-02-21,wk inc flu hosp,-1,Toronto,2026-02-14,quantile,0.75,46
2026-02-21,wk inc flu hosp,-1,Toronto,2026-02-14,quantile,0.9,55
2026-02-21,wk inc flu hosp,-1,Toronto,2026-02-14,quantile,0.975,59
2026-02-21,wk inc flu hosp,0,Toronto,2026-02-21,quantile,0.025,0
2026-02-21,wk inc flu hosp,0,Toronto,2026-02-21,quantile,0.1,1
2026-02-21,wk inc flu hosp,0,Toronto,2026-02-21,quantile,0.25,10
2026-02-21,wk inc flu hosp,0,Toronto,2026-02-21,quantile,0.5,28
2026-02-21,wk inc flu hosp,0,Toronto,2026-02-21,quantile,0.75,46
2026-02-21,wk inc flu hosp,0,Toronto,2026-02-21,quantile,0.9,55
2026-02-21,wk inc flu hosp,0,Toronto,2026-02-21,quantile,0.975,59
2026-02-21,wk inc flu hosp,1,Toronto,2026-02-28,quantile,0.025,0
2026-02-21,wk inc flu hosp,1,Toronto,2026-02-28,quantile,0.1,0
2026-02-21,wk inc flu hosp,1,Toronto,2026-02-28,quantile,0.25,9
2026-02-21,wk inc flu hosp,1,Toronto,2026-02-28,quantile,0.5,26
2026-02-21,wk inc flu hosp,1,Toronto,2026-02-28,quantile,0.75,44
2026-02-21,wk inc flu hosp,1,Toronto,2026-02-28,quantile,0.9,53
2026-02-21,wk inc flu hosp,1,Toronto,2026-02-28,quantile,0.975,56
2026-02-21,wk inc flu hosp,2,Toronto,2026-03-07,quantile,0.025,0
2026-02-21,wk inc flu hosp,2,Toronto,2026-03-07,quantile,0.1,0
2026-02-21,wk inc flu hosp,2,Toronto,2026-03-07,quantile,0.25,9
2026-02-21,wk inc flu hosp,2,Toronto,2026-03-07,quantile,0.5,28
2026-02-21,wk inc flu hosp,2,Toronto,2026-03-07,quantile,0.75,47
2026-02-21,wk inc flu hosp,2,Toronto,2026-03-07,quantile,0.9,56
2026-02-21,wk inc flu hosp,2,Toronto,2026-03-07,quantile,0.975,60
2026-02-21,wk inc flu hosp,3,Toronto,2026-03-14,quantile,0.025,0
2026-02-21,wk inc flu hosp,3,Toronto,2026-03-14,quantile,0.1,0
2026-02-21,wk inc flu hosp,3,Toronto,2026-03-14,quantile,0.25,7
2026-02-21,wk inc flu hosp,3,Toronto,2026-03-14,quantile,0.5,26
2026-02-21,wk inc flu hosp,3,Toronto,2026-03-14,quantile,0.75,45
2026-02-21,wk inc flu hosp,3,Toronto,2026-03-14,quantile,0.9,55
2026-02-21,wk inc flu hosp,3,Toronto,2026-03-14,quantile,0.975,59
2026-02-21,wk inc rsv hosp,-1,Toronto,2026-02-14,quantile,0.025,0
2026-02-21,wk inc rsv hosp,-1,Toronto,2026-02-14,quantile,0.1,3
2026-02-21,wk inc rsv hosp,-1,Toronto,2026-02-14,quantile,0.25,21
2026-02-21,wk inc rsv hosp,-1,Toronto,2026-02-14,quantile,0.5,57
2026-02-21,wk inc rsv hosp,-1,Toronto,2026-02-14,quantile,0.75,92
2026-02-21,wk inc rsv hosp,-1,Toronto,2026-02-14,quantile,0.9,110
2026-02-21,wk inc rsv hosp,-1,Toronto,2026-02-14,quantile,0.975,118
2026-02-21,wk inc rsv hosp,0,Toronto,2026-02-21,quantile,0.025,0
2026-02-21,wk inc rsv hosp,0,Toronto,2026-02-21,quantile,0.1,0
2026-02-21,wk inc rsv hosp,0,Toronto,2026-02-21,quantile,0.25,13
2026-02-21,wk inc rsv hosp,0,Toronto,2026-02-21,quantile,0.5,48
2026-02-21,wk inc rsv hosp,0,Toronto,2026-02-21,quantile,0.75,84
2026-02-21,wk inc rsv hosp,0,Toronto,2026-02-21,quantile,0.9,102
2026-02-21,wk inc rsv hosp,0,Toronto,2026-02-21,quantile,0.975,109
2026-02-21,wk inc rsv hosp,1,Toronto,2026-02-28,quantile,0.025,0
2026-02-21,wk inc rsv hosp,1,Toronto,2026-02-28,quantile,0.1,0
2026-02-21,wk inc rsv hosp,1,Toronto,2026-02-28,quantile,0.25,8
2026-02-21,wk inc rsv hosp,1,Toronto,2026-02-28,quantile,0.5,44
2026-02-21,wk inc rsv hosp,1,Toronto,2026-02-28,quantile,0.75,80
2026-02-21,wk inc rsv hosp,1,Toronto,2026-02-28,quantile,0.9,98
2026-02-21,wk inc rsv hosp,1,Toronto,2026-02-28,quantile,0.975,106
2026-02-21,wk inc rsv hosp,2,Toronto,2026-03-07,quantile,0.025,0
2026-02-21,wk inc rsv hosp,2,Toronto,2026-03-07,quantile,0.1,0
2026-02-21,wk inc rsv hosp,2,Toronto,2026-03-07,quantile,0.25,1
2026-02-21,wk inc rsv hosp,2,Toronto,2026-03-07,quantile,0.5,38
2026-02-21,wk inc rsv hosp,2,Toronto,2026-03-07,quantile,0.75,76
2026-02-21,wk inc rsv hosp,2,Toronto,2026-03-07,quantile,0.9,94
2026-02-21,wk inc rsv hosp,2,Toronto,2026-03-07,quantile,0.975,102
2026-02-21,wk inc rsv hosp,3,Toronto,2026-03-14,quantile,0.025,0
2026-02-21,wk inc rsv hosp,3,Toronto,2026-03-14,quantile,0.1,0
2026-02-21,wk inc rsv hosp,3,Toronto,2026-03-14,quantile,0.25,1
2026-02-21,wk inc rsv hosp,3,Toronto,2026-03-14,quantile,0.5,37
2026-02-21,wk inc rsv hosp,3,Toronto,2026-03-14,quantile,0.75,73
2026-02-21,wk inc rsv hosp,3,Toronto,2026-03-14,quantile,0.9,91
2026-02-21,wk inc rsv hosp,3,Toronto,2026-03-14,quantile,0.975,99
2026-02-21,wk inc covid hosp,-1,West,2026-02-14,quantile,0.025,0
2026-02-21,wk inc covid hosp,-1,West,2026-02-14,quantile,0.1,0
2026-02-21,wk inc covid hosp,-1,West,2026-02-14,quantile,0.25,0
2026-02-21,wk inc covid hosp,-1,West,2026-02-14,quantile,0.5,104
2026-02-21,wk inc covid hosp,-1,West,2026-02-14,quantile,0.75,370
2026-02-21,wk inc covid hosp,-1,West,2026-02-14,quantile,0.9,503
2026-02-21,wk inc covid hosp,-1,West,2026-02-14,quantile,0.975,559
2026-02-21,wk inc covid hosp,0,West,2026-02-21,quantile,0.025,0
2026-02-21,wk inc covid hosp,0,West,2026-02-21,quantile,0.1,0
2026-02-21,wk inc covid hosp,0,West,2026-02-21,quantile,0.25,0
2026-02-21,wk inc covid hosp,0,West,2026-02-21,quantile,0.5,49
2026-02-21,wk inc covid hosp,0,West,2026-02-21,quantile,0.75,300
2026-02-21,wk inc covid hosp,0,West,2026-02-21,quantile,0.9,425
2026-02-21,wk inc covid hosp,0,West,2026-02-21,quantile,0.975,477
2026-02-21,wk inc covid hosp,1,West,2026-02-28,quantile,0.025,0
2026-02-21,wk inc covid hosp,1,West,2026-02-28,quantile,0.1,0
2026-02-21,wk inc covid hosp,1,West,2026-02-28,quantile,0.25,0
2026-02-21,wk inc covid hosp,1,West,2026-02-28,quantile,0.5,0
2026-02-21,wk inc covid hosp,1,West,2026-02-28,quantile,0.75,271
2026-02-21,wk inc covid hosp,1,West,2026-02-28,quantile,0.9,407
2026-02-21,wk inc covid hosp,1,West,2026-02-28,quantile,0.975,464
2026-02-21,wk inc covid hosp,2,West,2026-03-07,quantile,0.025,0
2026-02-21,wk inc covid hosp,2,West,2026-03-07,quantile,0.1,0
2026-02-21,wk inc covid hosp,2,West,2026-03-07,quantile,0.25,0
2026-02-21,wk inc covid hosp,2,West,2026-03-07,quantile,0.5,0
2026-02-21,wk inc covid hosp,2,West,2026-03-07,quantile,0.75,224
2026-02-21,wk inc covid hosp,2,West,2026-03-07,quantile,0.9,360
2026-02-21,wk inc covid hosp,2,West,2026-03-07,quantile,0.975,417
2026-02-21,wk inc covid hosp,3,West,2026-03-14,quantile,0.025,0
2026-02-21,wk inc covid hosp,3,West,2026-03-14,quantile,0.1,0
2026-02-21,wk inc covid hosp,3,West,2026-03-14,quantile,0.25,0
2026-02-21,wk inc covid hosp,3,West,2026-03-14,quantile,0.5,0
2026-02-21,wk inc covid hosp,3,West,2026-03-14,quantile,0.75,162
2026-02-21,wk inc covid hosp,3,West,2026-03-14,quantile,0.9,294
2026-02-21,wk inc covid hosp,3,West,2026-03-14,quantile,0.975,349
2026-02-21,wk inc flu hosp,-1,West,2026-02-14,quantile,0.025,0
2026-02-21,wk inc flu hosp,-1,West,2026-02-14,quantile,0.1,0
2026-02-21,wk inc flu hosp,-1,West,2026-02-14,quantile,0.25,3
2026-02-21,wk inc flu hosp,-1,West,2026-02-14,quantile,0.5,11
2026-02-21,wk inc flu hosp,-1,West,2026-02-14,quantile,0.75,18
2026-02-21,wk inc flu hosp,-1,West,2026-02-14,quantile,0.9,21
2026-02-21,wk inc flu hosp,-1,West,2026-02-14,quantile,0.975,23
2026-02-21,wk inc flu hosp,0,West,2026-02-21,quantile,0.025,0
2026-02-21,wk inc flu hosp,0,West,2026-02-21,quantile,0.1,0
2026-02-21,wk inc flu hosp,0,West,2026-02-21,quantile,0.25,3
2026-02-21,wk inc flu hosp,0,West,2026-02-21,quantile,0.5,11
2026-02-21,wk inc flu hosp,0,West,2026-02-21,quantile,0.75,18
2026-02-21,wk inc flu hosp,0,West,2026-02-21,quantile,0.9,22
2026-02-21,wk inc flu hosp,0,West,2026-02-21,quantile,0.975,23
2026-02-21,wk inc flu hosp,1,West,2026-02-28,quantile,0.025,0
2026-02-21,wk inc flu hosp,1,West,2026-02-28,quantile,0.1,0
2026-02-21,wk inc flu hosp,1,West,2026-02-28,quantile,0.25,3
2026-02-21,wk inc flu hosp,1,West,2026-02-28,quantile,0.5,10
2026-02-21,wk inc flu hosp,1,West,2026-02-28,quantile,0.75,17
2026-02-21,wk inc flu hosp,1,West,2026-02-28,quantile,0.9,21
2026-02-21,wk inc flu hosp,1,West,2026-02-28,quantile,0.975,22
2026-02-21,wk inc flu hosp,2,West,2026-03-07,quantile,0.025,0
2026-02-21,wk inc flu hosp,2,West,2026-03-07,quantile,0.1,0
2026-02-21,wk inc flu hosp,2,West,2026-03-07,quantile,0.25,2
2026-02-21,wk inc flu hosp,2,West,2026-03-07,quantile,0.5,10
2026-02-21,wk inc flu hosp,2,West,2026-03-07,quantile,0.75,18
2026-02-21,wk inc flu hosp,2,West,2026-03-07,quantile,0.9,22
2026-02-21,wk inc flu hosp,2,West,2026-03-07,quantile,0.975,23
2026-02-21,wk inc flu hosp,3,West,2026-03-14,quantile,0.025,0
2026-02-21,wk inc flu hosp,3,West,2026-03-14,quantile,0.1,0
2026-02-21,wk inc flu hosp,3,West,2026-03-14,quantile,0.25,2
2026-02-21,wk inc flu hosp,3,West,2026-03-14,quantile,0.5,9
2026-02-21,wk inc flu hosp,3,West,2026-03-14,quantile,0.75,17
2026-02-21,wk inc flu hosp,3,West,2026-03-14,quantile,0.9,20
2026-02-21,wk inc flu hosp,3,West,2026-03-14,quantile,0.975,22
2026-02-21,wk inc rsv hosp,-1,West,2026-02-14,quantile,0.025,0
2026-02-21,wk inc rsv hosp,-1,West,2026-02-14,quantile,0.1,0
2026-02-21,wk inc rsv hosp,-1,West,2026-02-14,quantile,0.25,0
2026-02-21,wk inc rsv hosp,-1,West,2026-02-14,quantile,0.5,54
2026-02-21,wk inc rsv hosp,-1,West,2026-02-14,quantile,0.75,117
2026-02-21,wk inc rsv hosp,-1,West,2026-02-14,quantile,0.9,148
2026-02-21,wk inc rsv hosp,-1,West,2026-02-14,quantile,0.975,161
2026-02-21,wk inc rsv hosp,0,West,2026-02-21,quantile,0.025,0
2026-02-21,wk inc rsv hosp,0,West,2026-02-21,quantile,0.1,0
2026-02-21,wk inc rsv hosp,0,West,2026-02-21,quantile,0.25,0
2026-02-21,wk inc rsv hosp,0,West,2026-02-21,quantile,0.5,39
2026-02-21,wk inc rsv hosp,0,West,2026-02-21,quantile,0.75,106
2026-02-21,wk inc rsv hosp,0,West,2026-02-21,quantile,0.9,140
2026-02-21,wk inc rsv hosp,0,West,2026-02-21,quantile,0.975,154
2026-02-21,wk inc rsv hosp,1,West,2026-02-28,quantile,0.025,0
2026-02-21,wk inc rsv hosp,1,West,2026-02-28,quantile,0.1,0
2026-02-21,wk inc rsv hosp,1,West,2026-02-28,quantile,0.25,0
2026-02-21,wk inc rsv hosp,1,West,2026-02-28,quantile,0.5,23
2026-02-21,wk inc rsv hosp,1,West,2026-02-28,quantile,0.75,92
2026-02-21,wk inc rsv hosp,1,West,2026-02-28,quantile,0.9,127
2026-02-21,wk inc rsv hosp,1,West,2026-02-28,quantile,0.975,142
2026-02-21,wk inc rsv hosp,2,West,2026-03-07,quantile,0.025,0
2026-02-21,wk inc rsv hosp,2,West,2026-03-07,quantile,0.1,0
2026-02-21,wk inc rsv hosp,2,West,2026-03-07,quantile,0.25,0
2026-02-21,wk inc rsv hosp,2,West,2026-03-07,quantile,0.5,15
2026-02-21,wk inc rsv hosp,2,West,2026-03-07,quantile,0.75,82
2026-02-21,wk inc rsv hosp,2,West,2026-03-07,quantile,0.9,116
2026-02-21,wk inc rsv hosp,2,West,2026-03-07,quantile,0.975,130
2026-02-21,wk inc rsv hosp,3,West,2026-03-14,quantile,0.025,0
2026-02-21,wk inc rsv hosp,3,West,2026-03-14,quantile,0.1,0
2026-02-21,wk inc rsv hosp,3,West,2026-03-14,quantile,0.25,0
2026-02-21,wk inc rsv hosp,3,West,2026-03-14,quantile,0.5,7
2026-02-21,wk inc rsv hosp,3,West,2026-03-14,quantile,0.75,77
2026-02-21,wk inc rsv hosp,3,West,2026-03-14,quantile,0.9,112
2026-02-21,wk inc rsv hosp,3,West,2026-03-14,quantile,0.975,126
